{"_type":"export","__export_format":4,"__export_date":"2019-10-23T07:43:28.568Z","__export_source":"insomnia.desktop.app:v6.5.4","resources":[{"_id":"req_8d1ff615b0bb4ec4abadd28794d863ed","authentication":{},"body":{},"created":1571102087270,"description":"","headers":[],"isPrivate":false,"metaSortKey":-1568976414728.375,"method":"GET","modified":1571769027807,"name":"fetch-rent","parameters":[],"parentId":"fld_5d89a0d49f7e46ed9a8cdbea8baf7b2e","settingDisableRenderRequestBody":false,"settingEncodeUrl":true,"settingRebuildPath":true,"settingSendCookies":true,"settingStoreCookies":true,"url":"http://localhost:8181/services/rents/1?type=full","_type":"request"},{"_id":"fld_5d89a0d49f7e46ed9a8cdbea8baf7b2e","created":1571102559375,"description":"","environment":{},"environmentPropertyOrder":null,"metaSortKey":-1571102559375,"modified":1571102559375,"name":"rent","parentId":"wrk_440b7798572143429179b448ddb2f4ca","_type":"request_group"},{"_id":"wrk_440b7798572143429179b448ddb2f4ca","created":1571098414220,"description":"","modified":1571098414220,"name":"rentcloud","parentId":null,"_type":"workspace"},{"_id":"req_736c46b215c84778bdd62ebc832c9839","authentication":{},"body":{},"created":1571102569253,"description":"","headers":[],"isPrivate":false,"metaSortKey":-1568494137131.1875,"method":"GET","modified":1571816391678,"name":"fetch-rents","parameters":[],"parentId":"fld_5d89a0d49f7e46ed9a8cdbea8baf7b2e","settingDisableRenderRequestBody":false,"settingEncodeUrl":true,"settingRebuildPath":true,"settingSendCookies":true,"settingStoreCookies":true,"url":"http://localhost:8181/services/rents","_type":"request"},{"_id":"req_4d19f675d4d04b33be131a47002d431e","authentication":{},"body":{"mimeType":"application/json","text":"{\n  \"customerId\": 1,\n  \"vehicleId\": 1,\n  \"rentFrom\": \"2019-10-15T06:55:24.46\",\n  \"rentTill\": \"2019-12-31T00:00:00\",\n  \"currentOdometer\": 1223,\n  \"returnLocation\": \"Colombo\"\n}"},"created":1571102732810,"description":"","headers":[{"id":"pair_6529baf3afde4fe1be1df34674284e39","name":"Content-Type","value":"application/json"}],"isPrivate":false,"metaSortKey":-1568494137081.1875,"method":"POST","modified":1571102768270,"name":"create-customer (Copy)","parameters":[],"parentId":"fld_5d89a0d49f7e46ed9a8cdbea8baf7b2e","settingDisableRenderRequestBody":false,"settingEncodeUrl":true,"settingRebuildPath":true,"settingSendCookies":true,"settingStoreCookies":true,"url":"http://localhost:8181/services/rents","_type":"request"},{"_id":"req_b21df9e662e244bd96571509ad764425","authentication":{},"body":{"mimeType":"application/json","text":"{\n  \"make\": \"Honda\",\n  \"model\": \"Civic\",\n  \"type\": \"Car\",\n  \"year\": 2018,\n  \"odometerValueOnRegister\": 1200,\n  \"color\": \"White\"\n}"},"created":1571100531733,"description":"","headers":[{"id":"pair_6529baf3afde4fe1be1df34674284e39","name":"Content-Type","value":"application/json"}],"isPrivate":false,"metaSortKey":-1571098469105.5,"method":"POST","modified":1571102547489,"name":"create-vehicle","parameters":[],"parentId":"fld_23262b321a9540179ffc597f6fa07bb9","settingDisableRenderRequestBody":false,"settingEncodeUrl":true,"settingRebuildPath":true,"settingSendCookies":true,"settingStoreCookies":true,"url":"http://localhost:9191/services/vehicles","_type":"request"},{"_id":"fld_23262b321a9540179ffc597f6fa07bb9","created":1571102542861,"description":"","environment":{},"environmentPropertyOrder":null,"metaSortKey":-1571102542861,"modified":1571102542861,"name":"vehicle","parentId":"wrk_440b7798572143429179b448ddb2f4ca","_type":"request_group"},{"_id":"req_56851e849ed84bdda9a4a5c51273428d","authentication":{},"body":{},"created":1571100400567,"description":"","headers":[],"isPrivate":false,"metaSortKey":-1571098469080.5,"method":"GET","modified":1571816505890,"name":"fetch-vehicles","parameters":[],"parentId":"fld_23262b321a9540179ffc597f6fa07bb9","settingDisableRenderRequestBody":false,"settingEncodeUrl":true,"settingRebuildPath":true,"settingSendCookies":true,"settingStoreCookies":true,"url":"http://localhost:9191/services/vehicles","_type":"request"},{"_id":"req_aa7289b44e7c48b28326b1264eaf4036","authentication":{},"body":{},"created":1571102000465,"description":"","headers":[],"isPrivate":false,"metaSortKey":-1571098469055.5,"method":"GET","modified":1571102550724,"name":"fetch-vehicle","parameters":[],"parentId":"fld_23262b321a9540179ffc597f6fa07bb9","settingDisableRenderRequestBody":false,"settingEncodeUrl":true,"settingRebuildPath":true,"settingSendCookies":true,"settingStoreCookies":true,"url":"http://localhost:9191/services/vehicles/1","_type":"request"},{"_id":"req_61e202e8e0914b618535d3fba5cbaa0c","authentication":{},"body":{},"created":1571098436156,"description":"","headers":[],"isPrivate":false,"metaSortKey":-1571098502155,"method":"GET","modified":1571768828658,"name":"fetch-customers","parameters":[],"parentId":"fld_8f3523bb903e4977866e3d870799e1ff","settingDisableRenderRequestBody":false,"settingEncodeUrl":true,"settingRebuildPath":true,"settingSendCookies":true,"settingStoreCookies":true,"url":"http://localhost:8080/services/customers","_type":"request"},{"_id":"fld_8f3523bb903e4977866e3d870799e1ff","created":1571102519723,"description":"","environment":{},"environmentPropertyOrder":null,"metaSortKey":-1571102519723,"modified":1571102519723,"name":"customer","parentId":"wrk_440b7798572143429179b448ddb2f4ca","_type":"request_group"},{"_id":"req_4b3b522be8f24221b64e3d547ef47e45","authentication":{},"body":{},"created":1571098543562,"description":"","headers":[],"isPrivate":false,"metaSortKey":-1571098502105,"method":"GET","modified":1571102534337,"name":"fetch-customer","parameters":[],"parentId":"fld_8f3523bb903e4977866e3d870799e1ff","settingDisableRenderRequestBody":false,"settingEncodeUrl":true,"settingRebuildPath":true,"settingSendCookies":true,"settingStoreCookies":true,"url":"http://localhost:8080/services/customers/1","_type":"request"},{"_id":"req_490c8780a1c14e3798858ac945239eed","authentication":{},"body":{"mimeType":"application/json","text":"{\n  \"firstName\": \"Krish\",\n  \"lastName\": \"Dinesh\",\n  \"dlNumber\": \"8191-2345-64\",\n  \"zipcode\": \"20245\"\n}"},"created":1571098502055,"description":"","headers":[{"id":"pair_6529baf3afde4fe1be1df34674284e39","name":"Content-Type","value":"application/json"}],"isPrivate":false,"metaSortKey":-1571098502055,"method":"POST","modified":1571102524926,"name":"create-customer","parameters":[],"parentId":"fld_8f3523bb903e4977866e3d870799e1ff","settingDisableRenderRequestBody":false,"settingEncodeUrl":true,"settingRebuildPath":true,"settingSendCookies":true,"settingStoreCookies":true,"url":"http://localhost:8080/services/customers","_type":"request"},{"_id":"env_288f4f99562fecb776bbb0e928e2d382ad60037b","color":null,"created":1571098414425,"data":{},"dataPropertyOrder":null,"isPrivate":false,"metaSortKey":1571098414425,"modified":1571098414425,"name":"Base Environment","parentId":"wrk_440b7798572143429179b448ddb2f4ca","_type":"environment"},{"_id":"jar_288f4f99562fecb776bbb0e928e2d382ad60037b","cookies":[],"created":1571098414443,"modified":1571098414443,"name":"Default Jar","parentId":"wrk_440b7798572143429179b448ddb2f4ca","_type":"cookie_jar"}]}